{
  "timestamp": "20251027_162544",
  "config": {
    "prediction_horizon": 5,
    "n_reservoir": 1000,
    "spectral_radius": 1.25,
    "input_scale": 1.0,
    "leak_rate_min": 0.1,
    "leak_rate_max": 0.3,
    "sparsity": 0.9,
    "alpha": 0.001,
    "washout": 50,
    "test_split": 0.2,
    "random_seed": 42
  },
  "data": {
    "train_sessions": [
      "session_1759343160564",
      "session_1761515380508"
    ],
    "test_sessions": [
      "session_1761510848309"
    ],
    "n_train_frames": 15864,
    "n_test_frames": 14204,
    "input_dim": 6148,
    "output_dim": 3
  },
  "training": {
    "overall_mse": 0.1897494051132063,
    "mse_mx": 0.216810338421951,
    "mse_my": 0.22735783444308216,
    "mse_direction": 0.2220840864325166,
    "rmse_mx": 0.46562897077174115,
    "rmse_my": 0.47682054742123076,
    "rmse_direction": 0.471257982884658,
    "mae_mx": 0.37253614270760527,
    "mae_my": 0.38119976606956896,
    "mae_direction": 0.3768679543885871,
    "angular_error_rad": 0.6090752724672713,
    "angular_error_deg": 34.897442518155316,
    "boost_accuracy": 0.838750474263311,
    "boost_precision": 0.8400036801913622,
    "boost_recall": 0.9184186701538988,
    "boost_f1": 0.8774627582393749,
    "boost_mse": 0.12508004247458565,
    "boost_true_mean": 0.6286202073097229,
    "boost_pred_mean": 0.6284782939969592,
    "tp": 9130,
    "tn": 4134,
    "fp": 1739,
    "fn": 811
  },
  "test": {
    "overall_mse": 0.42542511931089855,
    "mse_mx": 0.48991245217085383,
    "mse_my": 0.4801253272163511,
    "mse_direction": 0.48501888969360246,
    "rmse_mx": 0.6999374630428449,
    "rmse_my": 0.6929107642520436,
    "rmse_direction": 0.6964329757367915,
    "mae_mx": 0.5678176862703879,
    "mae_my": 0.5621721802251507,
    "mae_direction": 0.5649949332477693,
    "angular_error_rad": 1.123049501361337,
    "angular_error_deg": 64.34599661227621,
    "boost_accuracy": 0.5536244171259008,
    "boost_precision": 0.3360433604336,
    "boost_recall": 0.6894360603653511,
    "boost_f1": 0.45184799579143237,
    "boost_mse": 0.3062375785454907,
    "boost_true_mean": 0.2668503522872925,
    "boost_pred_mean": 0.5297527132060206,
    "tp": 2604,
    "tn": 5232,
    "fp": 5145,
    "fn": 1173
  }
}