{
  "timestamp": "20251027_170022",
  "config": {
    "prediction_horizon": 3,
    "n_reservoir": 1000,
    "spectral_radius": 1.25,
    "input_scale": 1.0,
    "leak_rate_min": 0.1,
    "leak_rate_max": 0.3,
    "alpha": 0.001,
    "washout": 50,
    "test_split": 0.2,
    "random_seed": 42,
    "approach": "reservoir.py (same as humand_data.ipynb)"
  },
  "data": {
    "train_sessions": [
      "session_1761580309746",
      "session_1759343160564",
      "session_1761510848309",
      "session_1761515380508"
    ],
    "test_sessions": [
      "session_1761579286757"
    ],
    "n_train_frames": 36442,
    "n_test_frames": 12198,
    "input_dim": 6148,
    "output_dim": 3
  },
  "training": {
    "overall_mse": 0.19013155249975183,
    "mse_mx": 0.2135640946674265,
    "mse_my": 0.2236961573710495,
    "mse_direction": 0.218630126019238,
    "rmse_mx": 0.4621299543066068,
    "rmse_my": 0.4729652813590544,
    "rmse_direction": 0.4675790051095515,
    "mae_mx": 0.3630101902463293,
    "mae_my": 0.37341771763852205,
    "mae_direction": 0.3682139539424257,
    "angular_error_rad": 0.6051386468101585,
    "angular_error_deg": 34.67189048247984,
    "boost_accuracy": 0.8243020444053638,
    "boost_precision": 0.8242712857815646,
    "boost_recall": 0.8383988928514354,
    "boost_f1": 0.8312750685588235,
    "boost_mse": 0.13313440546077937,
    "boost_true_mean": 0.5162398219108582,
    "boost_pred_mean": 0.5175121828482087,
    "tp": 15751,
    "tn": 14247,
    "fp": 3358,
    "fn": 3036
  },
  "test": {
    "overall_mse": 0.25550837598251197,
    "mse_mx": 0.2862081146537918,
    "mse_my": 0.32206605159520824,
    "mse_direction": 0.30413708312450005,
    "rmse_mx": 0.5349842190698636,
    "rmse_my": 0.5675086357009982,
    "rmse_direction": 0.5514862492614844,
    "mae_mx": 0.431198817653311,
    "mae_my": 0.4638547819438742,
    "mae_direction": 0.44752679979859256,
    "angular_error_rad": 0.8018082341772018,
    "angular_error_deg": 45.940227797190836,
    "boost_accuracy": 0.7921468554494567,
    "boost_precision": 0.4091205211726251,
    "boost_recall": 0.638535841382784,
    "boost_f1": 0.49870954928729927,
    "boost_mse": 0.15825096169853597,
    "boost_true_mean": 0.16191965341567993,
    "boost_pred_mean": 0.33956364072383216,
    "tp": 1256,
    "tn": 8367,
    "fp": 1814,
    "fn": 711
  }
}