{
  "timestamp": "20251027_175139",
  "config": {
    "prediction_horizon": 3,
    "n_reservoir": 1000,
    "spectral_radius": 1.25,
    "input_scale": 1.0,
    "leak_rate_min": 0.1,
    "leak_rate_max": 0.3,
    "alpha": 0.001,
    "washout": 50,
    "test_split": 0.2,
    "random_seed": 42,
    "approach": "reservoir.py (same as humand_data.ipynb)"
  },
  "data": {
    "train_sessions": [
      "session_1761510848309",
      "session_1761580309746",
      "session_1761579286757",
      "session_1761515380508",
      "session_1759343160564"
    ],
    "test_sessions": [
      "session_1761582241261"
    ],
    "n_train_frames": 101534,
    "n_test_frames": 13598,
    "input_dim": 6148,
    "output_dim": 3
  },
  "training": {
    "overall_mse": 0.20455239680169124,
    "mse_mx": 0.2293875072710628,
    "mse_my": 0.25016828592292534,
    "mse_direction": 0.23977789659699406,
    "rmse_mx": 0.47894415882340896,
    "rmse_my": 0.5001682576123012,
    "rmse_direction": 0.4896712127509581,
    "mae_mx": 0.3799938725235567,
    "mae_my": 0.39842128407531935,
    "mae_direction": 0.38920757829943803,
    "angular_error_rad": 0.6512300606658781,
    "angular_error_deg": 37.312733968203375,
    "boost_accuracy": 0.8278841984943439,
    "boost_precision": 0.8205721020898481,
    "boost_recall": 0.7912486612899683,
    "boost_f1": 0.8056436447297545,
    "boost_mse": 0.13410139721108563,
    "boost_true_mean": 0.4508395493030548,
    "boost_pred_mean": 0.4527379490605992,
    "tp": 36202,
    "tn": 47815,
    "fp": 7916,
    "fn": 9551
  },
  "test": {
    "overall_mse": 0.2631016465303733,
    "mse_mx": 0.2790146750355969,
    "mse_my": 0.306500011801654,
    "mse_direction": 0.29275734341862547,
    "rmse_mx": 0.528218397100666,
    "rmse_my": 0.5536244320851944,
    "rmse_direction": 0.5410705530876962,
    "mae_mx": 0.4274687990976796,
    "mae_my": 0.4460537030027909,
    "mae_direction": 0.4367612510502352,
    "angular_error_rad": 0.7848930794242104,
    "angular_error_deg": 44.97106082003377,
    "boost_accuracy": 0.706967818128137,
    "boost_precision": 0.6582094961942614,
    "boost_recall": 0.6354093771868329,
    "boost_f1": 0.6466085098307234,
    "boost_mse": 0.20379025275386906,
    "boost_true_mean": 0.42190730571746826,
    "boost_pred_mean": 0.4445847090980373,
    "tp": 3632,
    "tn": 5946,
    "fp": 1886,
    "fn": 2084
  }
}